video_id,start_frame,end_frame
82EXT,51,739
82EXT,379,743
82EXT,372,754
9FENT,286,479
9FENT,285,468
9FENT,288,473
3ENT,155,274
3ENT,167,272
3ENT,167,275
11ENT,109,405
11ENT,106,374
11ENT,109,388
2EXT,345,674
2EXT,459,671
2EXT,360,682
90ENT,63,356
90ENT,222,350
90ENT,225,351
95ENT,197,390
95ENT,193,381
95ENT,194,389
84EXT,112,403
84EXT,121,407
84EXT,112,410
3FENT,75,317
3FENT,77,317
3FENT,78,321
0EXT,139,597
0EXT,139,598
0EXT,188,589
85EXT,25,613
85EXT,131,621
85EXT,130,622
92FENT,313,494
92FENT,312,495
92FENT,323,487
290ENT,76,318
290ENT,75,313
290ENT,70,311
1FENT,153,328
1FENT,156,327
1FENT,163,329
93FENT,54,186
93FENT,64,183
93FENT,55,189
93ENT,37,141
93ENT,47,150
93ENT,36,135
1002ENT,163,463
1002ENT,154,474
1002ENT,185,467
83EXT,51,523
83EXT,47,516
83EXT,60,513
81EXT,16,299
81EXT,11,296
81EXT,25,300
21ENT,104,324
21ENT,55,339
21ENT,81,344
91ENT,43,200
91ENT,39,195
91ENT,41,191
1000EXT,27,396
1000EXT,27,394
1000EXT,50,379
97ENT,9,117
97ENT,13,117
97ENT,10,125
90FENT,281,423
90FENT,290,416
90FENT,277,412
4EXT,298,578
4EXT,320,581
4EXT,306,573
292ENT,105,280
292ENT,105,283
292ENT,101,278
11FENT,272,566
11FENT,264,575
11FENT,260,564
1001ENT,53,207
1001ENT,54,206
1001ENT,45,210
100ENT,306,618
100ENT,317,621
100ENT,343,652
94ENT,68,200
94ENT,66,202
94ENT,64,198
80EXT,10,306
80EXT,28,280
80EXT,10,293
1ENT,63,217
1ENT,50,220
1ENT,53,225
9ENT,115,275
9ENT,120,299
9ENT,122,308
86EXT,67,533
86EXT,71,528
86EXT,78,533
99ENT,172,344
99ENT,185,390
99ENT,171,377
1003EXT,19,267
1003EXT,37,256
1003EXT,21,238
98ENT,13,186
98ENT,13,188
98ENT,15,183
96ENT,311,551
96ENT,321,547
96ENT,302,522
92ENT,238,417
92ENT,257,418
92ENT,255,416
291ENT,137,409
291ENT,138,417
291ENT,147,411
